date;time;x;y;fx;fy
12/12/2022;11:13:45.414;120;-120;-55;90
12/12/2022;11:13:45.477;120;-120;-55;0
12/12/2022;11:13:45.539;120;-120;-55;0
12/12/2022;11:13:45.602;120;-120;-55;0
12/12/2022;11:13:45.664;120;-120;-34;0
12/12/2022;11:13:45.727;120;-120;-34;43
12/12/2022;11:13:45.789;120;-120;-34;43
12/12/2022;11:13:45.852;120;-120;-34;43
12/12/2022;11:13:45.914;120;-120;-34;43
12/12/2022;11:13:45.977;120;-120;-67;43
12/12/2022;11:13:46.039;120;-119;-67;175
12/12/2022;11:13:46.102;120;-116;-67;175
12/12/2022;11:13:46.164;120;-114;-67;175
12/12/2022;11:13:46.227;120;-109;-57;175
12/12/2022;11:13:46.289;120;-106;-57;175
12/12/2022;11:13:46.352;120;-103;-57;256
12/12/2022;11:13:46.414;120;-99;-57;256
12/12/2022;11:13:46.477;120;-89;-57;256
12/12/2022;11:13:46.539;120;-85;-49;256
12/12/2022;11:13:46.602;120;-80;-49;256
12/12/2022;11:13:46.664;120;-75;-49;283
12/12/2022;11:13:46.727;120;-68;-49;283
12/12/2022;11:13:46.789;120;-64;-49;283
12/12/2022;11:13:46.852;120;-61;-49;283
12/12/2022;11:13:46.914;120;-57;-61;283
12/12/2022;11:13:46.977;120;-50;-61;315
12/12/2022;11:13:47.039;120;-46;-61;315
12/12/2022;11:13:47.102;120;-42;-61;315
12/12/2022;11:13:47.164;120;-39;-61;315
12/12/2022;11:13:47.227;120;-31;-71;315
12/12/2022;11:13:47.289;120;-28;-71;239
12/12/2022;11:13:47.352;120;-24;-71;239
12/12/2022;11:13:47.414;120;-20;-71;239
12/12/2022;11:13:47.477;120;-13;-71;239
12/12/2022;11:13:47.539;120;-10;-71;239
12/12/2022;11:13:47.602;120;-6;-71;314
12/12/2022;11:13:47.664;120;-2;-71;314
12/12/2022;11:13:47.727;120;4;-71;314
12/12/2022;11:13:47.789;120;8;-66;314
12/12/2022;11:13:47.852;120;11;-66;314
12/12/2022;11:13:47.914;120;15;-66;317
12/12/2022;11:13:47.977;120;22;-66;317
12/12/2022;11:13:48.039;120;26;-66;317
12/12/2022;11:13:48.102;120;30;-66;317
12/12/2022;11:13:48.164;120;33;-66;317
12/12/2022;11:13:48.227;120;40;-66;233
12/12/2022;11:13:48.289;120;44;-66;233
12/12/2022;11:13:48.352;120;47;-66;233
12/12/2022;11:13:48.414;120;50;-79;233
12/12/2022;11:13:48.477;120;57;-79;184
12/12/2022;11:13:48.539;120;59;-79;184
12/12/2022;11:13:48.602;120;62;-79;184
12/12/2022;11:13:48.664;120;65;-79;184
12/12/2022;11:13:48.727;120;70;-91;184
12/12/2022;11:13:48.789;120;72;-91;192
12/12/2022;11:13:48.852;120;75;-91;192
12/12/2022;11:13:48.914;120;78;-91;192
12/12/2022;11:13:48.977;120;84;-91;192
12/12/2022;11:13:49.039;120;87;-87;192
12/12/2022;11:13:49.102;120;90;-87;192
12/12/2022;11:13:49.164;120;93;-87;192
12/12/2022;11:13:49.227;120;93;-87;94
12/12/2022;11:13:49.289;120;93;-87;94
12/12/2022;11:13:49.352;119;93;-114;94
12/12/2022;11:13:49.414;117;93;-114;94
12/12/2022;11:13:49.477;114;93;-114;0
12/12/2022;11:13:49.539;113;93;-114;0
12/12/2022;11:13:49.602;111;93;-114;0
12/12/2022;11:13:49.664;110;93;-110;0
12/12/2022;11:13:49.727;110;93;-110;0
12/12/2022;11:13:49.789;110;93;-110;55
12/12/2022;11:13:49.852;110;93;-110;55
12/12/2022;11:13:49.914;110;93;-110;55
12/12/2022;11:13:49.977;110;93;-44;55
12/12/2022;11:13:50.039;110;93;-44;55
12/12/2022;11:13:50.102;110;93;-44;27
12/12/2022;11:13:50.164;110;93;-44;27
12/12/2022;11:13:50.227;110;93;0;27
12/12/2022;11:13:50.290;110;93;0;27
12/12/2022;11:13:50.352;110;93;0;27
12/12/2022;11:13:50.414;110;93;0;0
12/12/2022;11:13:50.477;110;93;0;0
12/12/2022;11:13:50.539;110;93;0;-28
12/12/2022;11:13:50.602;110;93;0;-28
12/12/2022;11:13:50.664;110;93;0;-28
12/12/2022;11:13:50.727;110;93;0;-28
12/12/2022;11:13:50.789;110;93;0;-28
12/12/2022;11:13:50.852;110;93;-26;-51
12/12/2022;11:13:50.914;110;93;-26;-51
12/12/2022;11:13:50.977;110;93;-26;-51
12/12/2022;11:13:51.039;110;93;-26;-51
12/12/2022;11:13:51.102;110;93;-26;-51
12/12/2022;11:13:51.164;110;93;-26;-51
12/12/2022;11:13:51.227;107;91;-249;-183
12/12/2022;11:13:51.305;99;86;-249;-183
12/12/2022;11:13:51.368;95;83;-249;-183
12/12/2022;11:13:51.414;88;78;-249;-183
12/12/2022;11:13:51.477;84;75;-332;-217
12/12/2022;11:13:51.540;81;72;-332;-217
12/12/2022;11:13:51.602;77;69;-332;-217
12/12/2022;11:13:51.665;73;65;-332;-217
12/12/2022;11:13:51.727;66;59;-332;-217
12/12/2022;11:13:51.790;63;55;-383;-265
12/12/2022;11:13:51.852;59;52;-383;-265
12/12/2022;11:13:51.915;56;49;-383;-265
12/12/2022;11:13:51.977;49;42;-383;-265
12/12/2022;11:13:52.040;45;38;-383;-265
12/12/2022;11:13:52.102;42;35;-398;-263
12/12/2022;11:13:52.165;38;32;-398;-263
12/12/2022;11:13:52.227;31;25;-398;-263
12/12/2022;11:13:52.290;28;21;-398;-263
12/12/2022;11:13:52.352;24;18;-398;-263
12/12/2022;11:13:52.415;21;15;-395;-254
12/12/2022;11:13:52.477;17;11;-395;-254
12/12/2022;11:13:52.540;10;5;-395;-254
12/12/2022;11:13:52.602;7;1;-395;-254
12/12/2022;11:13:52.665;3;-1;-395;-254
12/12/2022;11:13:52.727;-3;-8;-381;-264
12/12/2022;11:13:52.790;-6;-11;-381;-264
12/12/2022;11:13:52.852;-10;-15;-381;-264
12/12/2022;11:13:52.915;-13;-18;-381;-264
12/12/2022;11:13:52.977;-20;-25;-383;-245
12/12/2022;11:13:53.040;-24;-28;-383;-245
12/12/2022;11:13:53.102;-27;-32;-383;-245
12/12/2022;11:13:53.165;-31;-35;-383;-245
12/12/2022;11:13:53.227;-38;-41;-383;-245
12/12/2022;11:13:53.290;-41;-45;-383;-245
12/12/2022;11:13:53.352;-45;-48;-370;-215
12/12/2022;11:13:53.415;-48;-51;-370;-215
12/12/2022;11:13:53.477;-52;-55;-370;-215
12/12/2022;11:13:53.540;-59;-61;-370;-215
12/12/2022;11:13:53.602;-63;-65;-370;-215
12/12/2022;11:13:53.665;-66;-68;-354;-213
12/12/2022;11:13:53.727;-70;-71;-354;-213
12/12/2022;11:13:53.790;-77;-78;-354;-213
12/12/2022;11:13:53.852;-80;-81;-354;-213
12/12/2022;11:13:53.915;-88;-87;-382;-172
12/12/2022;11:13:53.993;-92;-89;-382;-172
12/12/2022;11:13:54.040;-97;-92;-382;-172
12/12/2022;11:13:54.102;-101;-94;-382;-172
12/12/2022;11:13:54.165;-106;-96;-382;-172
12/12/2022;11:13:54.227;-110;-98;-382;-172
12/12/2022;11:13:54.290;-118;-104;-300;-215
12/12/2022;11:13:54.352;-121;-108;-300;-215
12/12/2022;11:13:54.415;-125;-111;-300;-215
12/12/2022;11:13:54.477;-128;-114;-300;-215
12/12/2022;11:13:54.540;-135;-120;-285;-130
12/12/2022;11:13:54.602;-139;-122;-285;-130
12/12/2022;11:13:54.665;-142;-124;-285;-130
12/12/2022;11:13:54.727;-146;-126;-285;-130
12/12/2022;11:13:54.790;-153;-129;-285;-130
12/12/2022;11:13:54.852;-156;-130;-149;-124
12/12/2022;11:13:54.915;-159;-130;-149;-124
12/12/2022;11:13:54.977;-161;-130;-149;-124
12/12/2022;11:13:55.040;-166;-130;-149;-124
12/12/2022;11:13:55.103;-168;-130;-149;-124
12/12/2022;11:13:55.165;-170;-130;0;-75
12/12/2022;11:13:55.228;-170;-130;0;-75
12/12/2022;11:13:55.290;-170;-130;0;-75
12/12/2022;11:13:55.353;-170;-130;0;-75
12/12/2022;11:13:55.415;-170;-130;0;-75
12/12/2022;11:13:55.478;-170;-130;0;-83
12/12/2022;11:13:55.540;-170;-130;0;-83
12/12/2022;11:13:55.603;-170;-130;0;-83
12/12/2022;11:13:55.665;-170;-130;0;-83
12/12/2022;11:13:55.728;-170;-130;0;-83
12/12/2022;11:13:55.790;-170;-130;0;-69
12/12/2022;11:13:55.853;-170;-130;0;-69
12/12/2022;11:13:55.915;-170;-130;59;-69
12/12/2022;11:13:55.978;-170;-130;59;-69
12/12/2022;11:13:56.040;-170;-130;59;-69
12/12/2022;11:13:56.103;-170;-130;59;-78
12/12/2022;11:13:56.166;-170;-130;59;-78
12/12/2022;11:13:56.228;-170;-130;107;-78
12/12/2022;11:13:56.290;-170;-130;107;-78
12/12/2022;11:13:56.353;-170;-130;107;-78
12/12/2022;11:13:56.415;-170;-130;107;-147
12/12/2022;11:13:56.478;-170;-130;107;-147
12/12/2022;11:13:56.540;-170;-130;84;-147
12/12/2022;11:13:56.603;-170;-130;84;-147
12/12/2022;11:13:56.665;-170;-130;84;-147
12/12/2022;11:13:56.728;-170;-130;84;-123
12/12/2022;11:13:56.790;-169;-130;425;-123
12/12/2022;11:13:56.853;-165;-130;425;-123
12/12/2022;11:13:56.915;-162;-130;425;-123
12/12/2022;11:13:56.978;-155;-130;425;-131
12/12/2022;11:13:57.040;-151;-130;425;-131
12/12/2022;11:13:57.103;-148;-130;172;-131
12/12/2022;11:13:57.165;-145;-130;172;-131
12/12/2022;11:13:57.228;-143;-130;172;-131
12/12/2022;11:13:57.290;-138;-130;172;-108
12/12/2022;11:13:57.353;-135;-130;172;-108
12/12/2022;11:13:57.415;-133;-130;171;-108
12/12/2022;11:13:57.478;-130;-130;171;-108
12/12/2022;11:13:57.541;-125;-130;171;-108
12/12/2022;11:13:57.603;-123;-130;171;-108
12/12/2022;11:13:57.665;-120;-130;171;-129
12/12/2022;11:13:57.728;-116;-130;174;-129
12/12/2022;11:13:57.790;-113;-130;174;-129
12/12/2022;11:13:57.853;-111;-130;174;-129
12/12/2022;11:13:57.916;-108;-130;174;-129
12/12/2022;11:13:57.978;-106;-130;174;-114
12/12/2022;11:13:58.041;-100;-130;225;-114
12/12/2022;11:13:58.103;-97;-130;225;-114
12/12/2022;11:13:58.165;-94;-130;225;-114
12/12/2022;11:13:58.228;-90;-130;225;-114
12/12/2022;11:13:58.291;-84;-130;225;-141
12/12/2022;11:13:58.353;-80;-130;265;-141
12/12/2022;11:13:58.415;-75;-130;265;-141
12/12/2022;11:13:58.478;-66;-130;265;-141
12/12/2022;11:13:58.540;-61;-130;265;-112
12/12/2022;11:13:58.603;-57;-130;265;-112
12/12/2022;11:13:58.666;-53;-130;146;-112
12/12/2022;11:13:58.728;-51;-130;146;-112
12/12/2022;11:13:58.791;-47;-130;146;-112
12/12/2022;11:13:58.853;-45;-130;146;-139
12/12/2022;11:13:58.915;-43;-130;146;-139
12/12/2022;11:13:58.978;-41;-130;146;-139
12/12/2022;11:13:59.040;-37;-130;179;-139
12/12/2022;11:13:59.103;-34;-130;179;-139
12/12/2022;11:13:59.165;-32;-130;179;-140
12/12/2022;11:13:59.228;-29;-130;179;-140
12/12/2022;11:13:59.291;-25;-130;132;-140
12/12/2022;11:13:59.353;-23;-130;132;-140
12/12/2022;11:13:59.415;-21;-130;132;-140
12/12/2022;11:13:59.478;-19;-130;132;-141
12/12/2022;11:13:59.541;-16;-130;132;-141
12/12/2022;11:13:59.603;-15;-130;117;-141
12/12/2022;11:13:59.666;-13;-130;117;-141
12/12/2022;11:13:59.728;-11;-130;117;-141
12/12/2022;11:13:59.791;-8;-130;117;-141
12/12/2022;11:13:59.853;-6;-130;117;-164
12/12/2022;11:13:59.916;-5;-130;117;-164
12/12/2022;11:13:59.978;-5;-130;93;-164
12/12/2022;11:14:00.040;-5;-130;93;-164
12/12/2022;11:14:00.103;-5;-130;93;-164
12/12/2022;11:14:00.165;-5;-130;93;-182
12/12/2022;11:14:00.228;-3;-130;133;-182
12/12/2022;11:14:00.306;-2;-130;133;-182
12/12/2022;11:14:00.369;0;-130;133;-182
12/12/2022;11:14:00.431;2;-130;133;-149
12/12/2022;11:14:00.494;4;-130;133;-149
12/12/2022;11:14:00.556;5;-130;0;-149
12/12/2022;11:14:00.619;5;-130;0;-149
12/12/2022;11:14:00.666;5;-130;0;-149
12/12/2022;11:14:00.728;5;-130;0;-152
12/12/2022;11:14:00.791;5;-130;0;-152
12/12/2022;11:14:00.853;5;-130;29;-152
12/12/2022;11:14:00.916;5;-130;29;-152
12/12/2022;11:14:00.978;5;-130;29;-152
12/12/2022;11:14:01.041;5;-130;29;-191
12/12/2022;11:14:01.103;5;-130;29;-191
12/12/2022;11:14:01.166;5;-130;323;-191
12/12/2022;11:14:01.228;9;-130;323;-191
12/12/2022;11:14:01.291;16;-130;323;-191
12/12/2022;11:14:01.354;20;-130;323;-166
12/12/2022;11:14:01.416;23;-130;323;-166
12/12/2022;11:14:01.494;30;-130;228;-166
12/12/2022;11:14:01.556;33;-130;228;-166
12/12/2022;11:14:01.619;40;-130;228;-121
12/12/2022;11:14:01.666;40;-130;228;-121
12/12/2022;11:14:01.744;46;-130;285;-121
12/12/2022;11:14:01.822;50;-130;285;-121
12/12/2022;11:14:01.853;53;-130;285;-121
12/12/2022;11:14:01.916;57;-130;285;-121
12/12/2022;11:14:02.025;64;-130;285;-128
12/12/2022;11:14:02.056;68;-130;285;-128
12/12/2022;11:14:02.103;72;-130;250;-128
12/12/2022;11:14:02.197;82;-130;250;-128
12/12/2022;11:14:02.244;86;-130;250;-128
12/12/2022;11:14:02.322;91;-130;250;-120
12/12/2022;11:14:02.369;95;-130;250;-120
12/12/2022;11:14:02.431;101;-130;179;-120
12/12/2022;11:14:02.494;103;-130;179;-120
12/12/2022;11:14:02.556;106;-130;179;-120
12/12/2022;11:14:02.619;108;-130;179;-114
12/12/2022;11:14:02.666;111;-130;179;-114
12/12/2022;11:14:02.728;112;-130;44;-114
12/12/2022;11:14:02.806;112;-130;44;-114
12/12/2022;11:14:02.853;112;-130;44;-114
12/12/2022;11:14:02.916;112;-130;44;-137
12/12/2022;11:14:02.978;112;-130;0;-137
12/12/2022;11:14:03.041;112;-130;0;-137
12/12/2022;11:14:03.119;112;-130;0;-137
12/12/2022;11:14:03.166;112;-130;0;-137
12/12/2022;11:14:03.244;112;-130;0;-105
12/12/2022;11:14:03.306;112;-130;0;-105
12/12/2022;11:14:03.369;112;-130;0;-105
12/12/2022;11:14:03.432;112;-130;0;-105
12/12/2022;11:14:03.478;112;-130;0;-108
12/12/2022;11:14:03.541;112;-130;0;-108
12/12/2022;11:14:03.604;112;-130;0;-108
12/12/2022;11:14:03.666;112;-130;0;-108
12/12/2022;11:14:03.728;112;-130;0;-108
12/12/2022;11:14:03.791;112;-130;0;-97
12/12/2022;11:14:03.853;112;-130;0;-97
12/12/2022;11:14:03.916;112;-130;0;-97
12/12/2022;11:14:03.994;112;-130;0;-97
12/12/2022;11:14:04.056;112;-130;0;-97
12/12/2022;11:14:04.119;112;-130;0;-79
12/12/2022;11:14:04.181;112;-130;-72;-79
12/12/2022;11:14:04.244;112;-130;-72;-79
12/12/2022;11:14:04.307;112;-130;-72;-79
12/12/2022;11:14:04.369;112;-130;-72;-79
12/12/2022;11:14:04.416;112;-130;-72;-79
12/12/2022;11:14:04.494;110;-122;-216;251
12/12/2022;11:14:04.556;106;-117;-216;251
12/12/2022;11:14:04.604;103;-112;-216;251
12/12/2022;11:14:04.666;100;-108;-216;251
12/12/2022;11:14:04.728;94;-102;-216;108
12/12/2022;11:14:04.807;90;-102;-368;108
12/12/2022;11:14:04.869;86;-102;-368;108
12/12/2022;11:14:04.916;82;-102;-368;108
12/12/2022;11:14:04.979;78;-102;-368;108
12/12/2022;11:14:05.041;71;-102;-368;65
12/12/2022;11:14:05.104;67;-102;-418;65
12/12/2022;11:14:05.166;63;-102;-418;65
12/12/2022;11:14:05.244;55;-102;-418;65
12/12/2022;11:14:05.306;52;-102;-418;65
12/12/2022;11:14:05.369;48;-102;-418;65
12/12/2022;11:14:05.416;44;-100;-279;323
12/12/2022;11:14:05.494;35;-91;-279;323
12/12/2022;11:14:05.541;31;-87;-279;323
12/12/2022;11:14:05.619;27;-83;-279;323
12/12/2022;11:14:05.682;18;-75;-338;138
12/12/2022;11:14:05.744;15;-73;-338;138
12/12/2022;11:14:05.822;11;-71;-338;138
12/12/2022;11:14:05.854;7;-69;-338;138
12/12/2022;11:14:05.916;4;-68;-338;138
12/12/2022;11:14:05.994;-2;-64;-357;138
12/12/2022;11:14:06.057;-6;-63;-357;259
12/12/2022;11:14:06.104;-9;-59;-357;259
12/12/2022;11:14:06.166;-13;-56;-357;259
12/12/2022;11:14:06.229;-20;-49;-357;259
12/12/2022;11:14:06.291;-23;-46;-357;259
12/12/2022;11:14:06.369;-27;-43;-288;259
12/12/2022;11:14:06.432;-35;-38;-288;186
12/12/2022;11:14:06.479;-35;-38;-288;186
12/12/2022;11:14:06.541;-44;-33;-288;186
12/12/2022;11:14:06.619;-49;-31;-288;186
12/12/2022;11:14:06.682;-58;-26;-274;154
12/12/2022;11:14:06.729;-63;-24;-274;154
12/12/2022;11:14:06.807;-67;-21;-274;154
12/12/2022;11:14:06.854;-72;-19;-274;154
12/12/2022;11:14:06.916;-77;-17;-274;154
12/12/2022;11:14:06.994;-84;-12;-207;157
12/12/2022;11:14:07.041;-87;-10;-207;157
12/12/2022;11:14:07.119;-90;-8;-207;157
12/12/2022;11:14:07.197;-96;-4;-207;157
12/12/2022;11:14:07.229;-99;-1;-136;157
12/12/2022;11:14:07.322;-101;0;-136;198
12/12/2022;11:14:07.369;-103;3;-136;198
12/12/2022;11:14:07.432;-107;10;-136;198
12/12/2022;11:14:07.479;-109;13;-136;198
12/12/2022;11:14:07.557;-110;16;-92;198
12/12/2022;11:14:07.604;-110;20;-92;301
12/12/2022;11:14:07.666;-110;23;-92;301
12/12/2022;11:14:07.744;-110;31;-92;301
12/12/2022;11:14:07.807;-110;34;-92;301
12/12/2022;11:14:07.854;-110;38;-100;301
12/12/2022;11:14:07.916;-110;42;-100;421
12/12/2022;11:14:07.994;-110;49;-100;421
12/12/2022;11:14:08.073;-110;53;-100;421
12/12/2022;11:14:08.104;-110;56;-100;421
12/12/2022;11:14:08.182;-113;64;-180;145
12/12/2022;11:14:08.229;-113;64;-180;145
12/12/2022;11:14:08.307;-118;68;-180;145
12/12/2022;11:14:08.369;-120;70;-180;145
12/12/2022;11:14:08.416;-123;72;-180;145
12/12/2022;11:14:08.479;-127;76;-147;145
12/12/2022;11:14:08.573;-129;76;-147;-28
12/12/2022;11:14:08.604;-131;76;-147;-28
12/12/2022;11:14:08.682;-135;76;-147;-28
12/12/2022;11:14:08.729;-135;76;-147;-28
12/12/2022;11:14:08.807;-138;76;-83;0
12/12/2022;11:14:08.854;-138;76;-83;0
12/12/2022;11:14:08.932;-138;76;-83;0
12/12/2022;11:14:08.995;-138;76;-83;0
12/12/2022;11:14:09.041;-138;76;-83;0
12/12/2022;11:14:09.104;-138;76;0;0
12/12/2022;11:14:09.166;-138;76;0;0
12/12/2022;11:14:09.245;-138;76;0;0
12/12/2022;11:14:09.323;-138;76;0;0
12/12/2022;11:14:09.354;-138;76;0;0
12/12/2022;11:14:09.416;-138;76;0;-33
12/12/2022;11:14:09.494;-138;76;0;-33
12/12/2022;11:14:09.541;-138;76;0;-33
12/12/2022;11:14:09.620;-138;76;0;-33
12/12/2022;11:14:09.666;-138;76;0;-33
12/12/2022;11:14:09.729;-138;76;0;-56
12/12/2022;11:14:09.792;-138;76;0;-56
12/12/2022;11:14:09.870;-138;76;0;-56
12/12/2022;11:14:09.932;-138;76;0;-56
12/12/2022;11:14:09.995;-138;76;-117;0
12/12/2022;11:14:10.041;-139;76;-117;0
12/12/2022;11:14:10.104;-141;76;-117;0
12/12/2022;11:14:10.166;-142;76;-117;0
12/12/2022;11:14:10.245;-145;76;-117;0
12/12/2022;11:14:10.307;-147;76;-113;0
12/12/2022;11:14:10.354;-148;76;-113;187
12/12/2022;11:14:10.416;-150;79;-113;187
12/12/2022;11:14:10.495;-153;84;-113;187
12/12/2022;11:14:10.573;-154;87;-113;187
12/12/2022;11:14:10.604;-156;90;-56;187
12/12/2022;11:14:10.682;-156;95;-56;187
12/12/2022;11:14:10.729;-156;95;-56;187
12/12/2022;11:14:10.807;-156;102;-56;440
12/12/2022;11:14:10.854;-156;106;-56;440
12/12/2022;11:14:10.916;-156;109;-56;440
12/12/2022;11:14:10.995;-156;117;0;440
12/12/2022;11:14:11.042;-156;117;0;0
12/12/2022;11:14:11.120;-154;117;181;0
12/12/2022;11:14:11.198;-149;117;181;0
12/12/2022;11:14:11.229;-146;114;181;-333
12/12/2022;11:14:11.323;-144;110;181;-333
12/12/2022;11:14:11.354;-141;105;181;-333
12/12/2022;11:14:11.432;-138;97;133;-333
12/12/2022;11:14:11.479;-138;97;133;-333
12/12/2022;11:14:11.557;-135;91;133;0
12/12/2022;11:14:11.604;-133;91;133;0
12/12/2022;11:14:11.667;-131;91;133;57
12/12/2022;11:14:11.760;-130;91;-43;57
12/12/2022;11:14:11.792;-130;91;-43;57
12/12/2022;11:14:11.854;-130;91;-33;57
12/12/2022;11:14:11.932;-130;91;-33;34
12/12/2022;11:14:11.979;-130;91;-33;34
12/12/2022;11:14:12.042;-130;91;-33;34
12/12/2022;11:14:12.104;-130;91;-33;34
12/12/2022;11:14:12.182;-130;91;0;34
12/12/2022;11:14:12.229;-130;91;0;34
12/12/2022;11:14:12.307;-130;91;0;0
12/12/2022;11:14:12.370;-130;91;0;0
12/12/2022;11:14:12.417;-130;91;0;0
12/12/2022;11:14:12.479;-130;91;0;0
12/12/2022;11:14:12.557;-130;91;0;0
12/12/2022;11:14:12.620;-130;91;0;0
12/12/2022;11:14:12.698;-127;91;440;0
12/12/2022;11:14:12.729;-123;91;440;-38
12/12/2022;11:14:12.807;-119;91;440;-38
12/12/2022;11:14:12.854;-116;91;440;-38
12/12/2022;11:14:12.917;-112;91;440;-38
12/12/2022;11:14:12.995;-108;91;0;-38
12/12/2022;11:14:13.042;-108;91;0;-38
12/12/2022;11:14:13.104;-111;91;-179;0
12/12/2022;11:14:13.198;-116;91;-179;0
12/12/2022;11:14:13.229;-119;91;-179;0
12/12/2022;11:14:13.307;-122;91;-179;0
12/12/2022;11:14:13.354;-125;91;-179;0
12/12/2022;11:14:13.432;-128;91;-288;-105
12/12/2022;11:14:13.510;-136;91;-288;-105
12/12/2022;11:14:13.542;-140;91;-288;-105
12/12/2022;11:14:13.620;-144;91;-288;-105
12/12/2022;11:14:13.667;-148;91;-288;-105
12/12/2022;11:14:13.745;-149;86;0;-212
12/12/2022;11:14:13.807;-149;82;0;-212
12/12/2022;11:14:13.885;-149;76;34;-212
12/12/2022;11:14:13.932;-149;72;34;-212
12/12/2022;11:14:13.979;-149;72;34;-212
12/12/2022;11:14:14.057;-149;71;34;-27
12/12/2022;11:14:14.104;-149;71;34;-27
12/12/2022;11:14:14.182;-149;71;34;-27
12/12/2022;11:14:14.229;-149;71;0;-27
12/12/2022;11:14:14.307;-149;70;0;-247
12/12/2022;11:14:14.385;-149;65;0;-247
12/12/2022;11:14:14.417;-149;60;0;-247
12/12/2022;11:14:14.495;-149;51;0;-247
12/12/2022;11:14:14.573;-149;46;0;-247
12/12/2022;11:14:14.604;-149;41;0;-163
12/12/2022;11:14:14.682;-149;39;0;-163
12/12/2022;11:14:14.745;-149;34;0;-163
12/12/2022;11:14:14.792;-149;31;27;-163
12/12/2022;11:14:14.870;-149;29;27;-163
12/12/2022;11:14:14.917;-149;26;27;-320
12/12/2022;11:14:14.995;-149;19;27;-320
12/12/2022;11:14:15.073;-149;16;27;-320
12/12/2022;11:14:15.120;-149;12;27;-320
12/12/2022;11:14:15.198;-149;5;35;-320
12/12/2022;11:14:15.245;-149;0;35;-275
12/12/2022;11:14:15.307;-149;-4;35;-275
12/12/2022;11:14:15.386;-149;-13;35;-275
12/12/2022;11:14:15.432;-149;-18;98;-275
12/12/2022;11:14:15.495;-149;-23;98;-275
12/12/2022;11:14:15.573;-149;-27;98;-247
12/12/2022;11:14:15.620;-149;-32;98;-247
12/12/2022;11:14:15.667;-149;-37;98;-247
12/12/2022;11:14:15.745;-148;-46;147;-247
12/12/2022;11:14:15.807;-146;-50;147;-247
12/12/2022;11:14:15.901;-142;-58;147;-246
12/12/2022;11:14:15.948;-140;-63;147;-246
12/12/2022;11:14:15.995;-138;-67;147;-246
12/12/2022;11:14:16.073;-137;-71;0;-246
12/12/2022;11:14:16.120;-137;-76;0;-246
12/12/2022;11:14:16.182;-137;-78;0;-89
12/12/2022;11:14:16.261;-137;-78;0;-89
12/12/2022;11:14:16.307;-137;-78;0;-89
12/12/2022;11:14:16.370;-137;-78;0;-89
12/12/2022;11:14:16.433;-137;-78;0;-89
12/12/2022;11:14:16.479;-137;-83;0;-319
12/12/2022;11:14:16.589;-137;-86;0;-319
12/12/2022;11:14:16.636;-137;-90;0;-319
12/12/2022;11:14:16.683;-137;-94;0;-319
12/12/2022;11:14:16.729;-137;-97;0;-319
12/12/2022;11:14:16.823;-137;-104;0;-225
12/12/2022;11:14:16.854;-137;-108;0;-225
12/12/2022;11:14:16.948;-137;-114;0;-225
12/12/2022;11:14:16.995;-137;-118;0;-225
12/12/2022;11:14:17.073;-137;-121;0;-60
12/12/2022;11:14:17.120;-137;-121;0;-60
12/12/2022;11:14:17.167;-137;-121;0;-60
12/12/2022;11:14:17.245;-137;-121;0;-60
12/12/2022;11:14:17.323;-137;-121;0;-60
12/12/2022;11:14:17.355;-137;-121;0;-60
12/12/2022;11:14:17.448;-137;-121;0;-35
12/12/2022;11:14:17.495;-137;-121;0;-35
12/12/2022;11:14:17.573;-137;-121;0;-35
12/12/2022;11:14:17.620;-137;-121;0;-35
12/12/2022;11:14:17.698;-137;-121;0;-35
12/12/2022;11:14:17.745;-137;-121;0;-35
12/12/2022;11:14:17.808;-137;-121;0;-57
12/12/2022;11:14:17.855;-137;-121;0;-57
12/12/2022;11:14:17.933;-137;-121;0;-57
12/12/2022;11:14:17.980;-137;-121;0;-57
12/12/2022;11:14:18.058;-137;-121;0;-57
12/12/2022;11:14:18.136;-137;-121;0;-72
12/12/2022;11:14:18.167;-137;-121;0;-72
12/12/2022;11:14:18.245;-137;-121;0;-72
12/12/2022;11:14:18.292;-137;-121;0;-72
12/12/2022;11:14:18.370;-137;-121;-43;-72
12/12/2022;11:14:18.448;-137;-121;-43;-80
12/12/2022;11:14:18.495;-137;-121;-43;-80
12/12/2022;11:14:18.558;-137;-121;-43;-80
12/12/2022;11:14:18.605;-137;-121;-43;-80
12/12/2022;11:14:18.683;-137;-121;0;-80
12/12/2022;11:14:18.730;-137;-121;0;-67
12/12/2022;11:14:18.792;-137;-121;0;-67
12/12/2022;11:14:18.870;-137;-121;0;-67
12/12/2022;11:14:18.917;-137;-121;0;-67
12/12/2022;11:14:18.995;-137;-121;0;0
12/12/2022;11:14:19.073;-137;-121;0;0
12/12/2022;11:14:19.105;-137;-121;0;0
12/12/2022;11:14:19.183;-137;-121;0;0
12/12/2022;11:14:19.245;-137;-121;0;0
12/12/2022;11:14:19.292;-137;-121;0;0
12/12/2022;11:14:19.370;-137;-121;0;62
12/12/2022;11:14:19.417;-137;-121;0;62
12/12/2022;11:14:19.495;-130;-121;559;62
12/12/2022;11:14:19.573;-127;-121;559;62
12/12/2022;11:14:19.605;-123;-121;559;62
12/12/2022;11:14:19.683;-116;-121;559;64
12/12/2022;11:14:19.730;-116;-121;559;64
12/12/2022;11:14:19.823;-108;-121;552;64
12/12/2022;11:14:19.870;-105;-121;552;64
12/12/2022;11:14:19.933;-98;-121;552;64
12/12/2022;11:14:19.980;-94;-121;552;79
12/12/2022;11:14:20.074;-92;-121;110;79
12/12/2022;11:14:20.120;-92;-121;110;79
12/12/2022;11:14:20.183;-92;-121;110;79
12/12/2022;11:14:20.230;-92;-121;110;79
12/12/2022;11:14:20.308;-92;-121;110;51
12/12/2022;11:14:20.355;-91;-121;183;51
12/12/2022;11:14:20.433;-86;-121;183;51
12/12/2022;11:14:20.480;-86;-121;183;51
12/12/2022;11:14:20.558;-81;-121;183;51
12/12/2022;11:14:20.605;-78;-121;183;50
12/12/2022;11:14:20.699;-72;-121;398;50
12/12/2022;11:14:20.730;-68;-121;398;50
12/12/2022;11:14:20.823;-64;-121;398;50
12/12/2022;11:14:20.870;-61;-121;398;50
12/12/2022;11:14:20.949;-53;-121;567;88
12/12/2022;11:14:20.996;-50;-121;567;88
12/12/2022;11:14:21.074;-46;-121;567;88
12/12/2022;11:14:21.120;-43;-121;567;88
12/12/2022;11:14:21.199;-35;-121;567;72
12/12/2022;11:14:21.245;-32;-121;469;72
12/12/2022;11:14:21.324;-28;-121;469;72
12/12/2022;11:14:21.370;-24;-121;469;72
12/12/2022;11:14:21.449;-17;-121;469;72
12/12/2022;11:14:21.496;-13;-121;469;82
12/12/2022;11:14:21.558;-10;-121;469;82
12/12/2022;11:14:21.652;-3;-121;394;82
12/12/2022;11:14:21.714;0;-121;394;82
12/12/2022;11:14:21.761;4;-121;394;82
12/12/2022;11:14:21.839;7;-121;394;82
12/12/2022;11:14:21.886;15;-121;314;78
12/12/2022;11:14:21.949;18;-121;314;78
12/12/2022;11:14:21.995;22;-121;314;78
12/12/2022;11:14:22.042;26;-121;314;78
12/12/2022;11:14:22.136;33;-121;314;104
12/12/2022;11:14:22.199;36;-121;212;104
12/12/2022;11:14:22.261;40;-121;212;104
12/12/2022;11:14:22.308;43;-121;212;104
12/12/2022;11:14:22.355;46;-121;212;104
12/12/2022;11:14:22.449;53;-121;212;104
12/12/2022;11:14:22.511;56;-121;189;92
12/12/2022;11:14:22.558;59;-121;189;92
12/12/2022;11:14:22.620;62;-121;189;92
12/12/2022;11:14:22.699;69;-121;189;92
12/12/2022;11:14:22.745;72;-121;189;92
12/12/2022;11:14:22.792;75;-121;175;57
12/12/2022;11:14:22.886;80;-121;175;57
12/12/2022;11:14:22.949;82;-121;175;57
12/12/2022;11:14:22.996;85;-121;175;57
12/12/2022;11:14:23.058;87;-121;175;57
12/12/2022;11:14:23.136;95;-121;256;27
12/12/2022;11:14:23.199;100;-121;256;27
12/12/2022;11:14:23.246;104;-121;256;27
12/12/2022;11:14:23.308;109;-121;256;27
12/12/2022;11:14:23.386;118;-121;280;0
12/12/2022;11:14:23.449;123;-121;280;0
12/12/2022;11:14:23.496;128;-121;280;0
12/12/2022;11:14:23.558;133;-121;280;0
12/12/2022;11:14:23.636;142;-121;280;0
12/12/2022;11:14:23.683;142;-121;280;0
12/12/2022;11:14:23.746;148;-121;0;27
12/12/2022;11:14:23.808;148;-121;0;27
12/12/2022;11:14:23.855;148;-121;0;27
12/12/2022;11:14:23.949;148;-121;0;27
12/12/2022;11:14:23.996;148;-121;0;27
12/12/2022;11:14:24.042;148;-121;0;35
12/12/2022;11:14:24.121;148;-121;0;35
12/12/2022;11:14:24.183;148;-121;0;35
12/12/2022;11:14:24.261;148;-121;-30;35
12/12/2022;11:14:24.308;148;-121;-30;35
12/12/2022;11:14:24.355;148;-121;-30;31
12/12/2022;11:14:24.449;148;-121;-30;31
12/12/2022;11:14:24.496;148;-121;-30;31
12/12/2022;11:14:24.574;148;-121;0;31
12/12/2022;11:14:24.621;148;-121;0;31
12/12/2022;11:14:24.699;148;-121;0;-27
12/12/2022;11:14:24.746;148;-121;0;-27
12/12/2022;11:14:24.793;148;-121;0;-27
12/12/2022;11:14:24.871;148;-121;-65;-27
12/12/2022;11:14:24.918;148;-121;-65;-54
12/12/2022;11:14:24.996;148;-121;-65;-54
12/12/2022;11:14:25.043;148;-121;-65;-54
12/12/2022;11:14:25.121;148;-121;-65;-54
12/12/2022;11:14:25.168;148;-121;-36;-54
12/12/2022;11:14:25.246;148;-121;-36;0
12/12/2022;11:14:25.308;148;-121;-36;0
12/12/2022;11:14:25.386;148;-121;-36;0
12/12/2022;11:14:25.433;148;-121;-36;0
12/12/2022;11:14:25.480;148;-121;-36;0
12/12/2022;11:14:25.558;148;-121;-54;31
12/12/2022;11:14:25.621;148;-121;-54;31
12/12/2022;11:14:25.699;148;-121;-54;31
12/12/2022;11:14:25.746;148;-121;-54;31
12/12/2022;11:14:25.793;148;-121;-140;31
12/12/2022;11:14:25.886;146;-121;-140;98
12/12/2022;11:14:25.934;144;-121;-140;98
12/12/2022;11:14:25.980;142;-121;-140;98
12/12/2022;11:14:26.058;138;-121;-140;98
12/12/2022;11:14:26.105;136;-121;-140;98
12/12/2022;11:14:26.199;131;-124;-183;969
12/12/2022;11:14:26.246;128;-129;-183;969
12/12/2022;11:14:26.308;126;-134;-183;969
12/12/2022;11:14:26.386;121;-144;-183;969
12/12/2022;11:14:26.449;120;-149;-98;969
12/12/2022;11:14:26.496;120;-147;-98;2827
12/12/2022;11:14:26.558;120;-142;-98;2827
12/12/2022;11:14:26.636;120;-133;-98;2827
12/12/2022;11:14:26.683;120;-129;-98;2827
12/12/2022;11:14:26.746;120;-129;-98;2827
12/12/2022;11:14:26.840;115;-123;-226;1206
12/12/2022;11:14:26.886;112;-122;-226;1206
12/12/2022;11:14:26.933;109;-121;-226;1206
12/12/2022;11:14:27.011;102;-119;-226;1206
12/12/2022;11:14:27.058;99;-117;-222;1206
12/12/2022;11:14:27.121;95;-115;-222;1274
12/12/2022;11:14:27.199;88;-108;-222;1274
12/12/2022;11:14:27.246;85;-105;-222;1274
12/12/2022;11:14:27.308;82;-101;-222;1274
12/12/2022;11:14:27.355;78;-98;-147;1274
12/12/2022;11:14:27.465;74;-100;-147;1041
12/12/2022;11:14:27.512;72;-104;-147;1041
12/12/2022;11:14:27.574;70;-109;-147;1041
12/12/2022;11:14:27.621;68;-113;-147;1041
12/12/2022;11:14:27.683;66;-117;-129;1041
12/12/2022;11:14:27.746;64;-120;-129;2245
12/12/2022;11:14:27.824;60;-113;-129;2245
12/12/2022;11:14:27.887;59;-109;-129;2245
12/12/2022;11:14:27.933;57;-106;-129;2245
12/12/2022;11:14:27.980;55;-102;-129;2245
12/12/2022;11:14:28.090;53;-101;-88;1049
12/12/2022;11:14:28.137;53;-105;-88;1049
12/12/2022;11:14:28.184;53;-108;-88;1049
12/12/2022;11:14:28.230;53;-112;-88;1049
12/12/2022;11:14:28.324;53;-119;-88;1049
12/12/2022;11:14:28.371;52;-122;-116;1706
12/12/2022;11:14:28.433;50;-124;-116;1706
12/12/2022;11:14:28.512;47;-129;-116;1706
12/12/2022;11:14:28.574;46;-132;-116;1706
12/12/2022;11:14:28.621;44;-134;-116;1706
12/12/2022;11:14:28.668;44;-138;-31;1078
12/12/2022;11:14:28.762;44;-147;-31;1078
12/12/2022;11:14:28.824;44;-152;-31;1078
12/12/2022;11:14:28.871;44;-157;-31;1078
12/12/2022;11:14:28.918;44;-161;-31;1078
12/12/2022;11:14:29.012;44;-171;0;1074
12/12/2022;11:14:29.074;44;-175;0;1074
12/12/2022;11:14:29.121;44;-180;0;1074
12/12/2022;11:14:29.168;44;-185;0;1074
12/12/2022;11:14:29.262;44;-190;0;778
12/12/2022;11:14:29.324;44;-186;0;778
12/12/2022;11:14:29.371;44;-181;0;778
12/12/2022;11:14:29.433;44;-176;0;778
12/12/2022;11:14:29.512;44;-167;0;778
12/12/2022;11:14:29.574;44;-163;83;778
12/12/2022;11:14:29.621;44;-159;83;0
12/12/2022;11:14:29.683;44;-159;83;0
12/12/2022;11:14:29.762;44;-159;83;0
12/12/2022;11:14:29.809;44;-159;83;0
12/12/2022;11:14:29.855;44;-159;0;0
12/12/2022;11:14:29.949;44;-159;0;48
12/12/2022;11:14:29.996;44;-159;0;48
12/12/2022;11:14:30.043;44;-159;0;48
12/12/2022;11:14:30.137;44;-159;0;48
12/12/2022;11:14:30.184;44;-159;0;48
12/12/2022;11:14:30.262;44;-159;0;70
12/12/2022;11:14:30.324;44;-159;0;70
12/12/2022;11:14:30.371;44;-159;0;70
12/12/2022;11:14:30.418;44;-159;0;70
12/12/2022;11:14:30.512;44;-159;0;70
12/12/2022;11:14:30.559;44;-159;0;0
12/12/2022;11:14:30.621;44;-159;0;0
12/12/2022;11:14:30.668;44;-159;0;0
12/12/2022;11:14:30.762;44;-159;0;0
12/12/2022;11:14:30.809;44;-159;0;0
12/12/2022;11:14:30.871;44;-159;0;80
12/12/2022;11:14:30.918;44;-159;0;80
12/12/2022;11:14:31.012;44;-159;0;80
12/12/2022;11:14:31.059;44;-159;0;80
12/12/2022;11:14:31.137;44;-159;0;55
12/12/2022;11:14:31.199;44;-159;0;55
12/12/2022;11:14:31.246;44;-159;0;55
12/12/2022;11:14:31.324;44;-159;0;55
12/12/2022;11:14:31.371;44;-159;0;55
12/12/2022;11:14:31.434;44;-159;0;55
12/12/2022;11:14:31.527;44;-159;0;55
12/12/2022;11:14:31.574;44;-159;0;55
12/12/2022;11:14:31.637;44;-159;0;55
12/12/2022;11:14:31.684;44;-159;0;55
12/12/2022;11:14:31.731;44;-159;0;55
12/12/2022;11:14:31.809;48;-159;338;65
12/12/2022;11:14:31.871;52;-159;338;65
12/12/2022;11:14:31.918;55;-159;338;65
12/12/2022;11:14:32.012;63;-159;338;65
12/12/2022;11:14:32.059;66;-159;638;178
12/12/2022;11:14:32.121;72;-156;638;178
12/12/2022;11:14:32.168;77;-154;638;178
12/12/2022;11:14:32.262;89;-148;638;178
12/12/2022;11:14:32.324;94;-145;638;178
12/12/2022;11:14:32.371;100;-142;698;80
12/12/2022;11:14:32.434;103;-142;698;80
12/12/2022;11:14:32.481;107;-142;698;80
12/12/2022;11:14:32.574;114;-142;698;80
12/12/2022;11:14:32.621;118;-142;698;80
12/12/2022;11:14:32.715;127;-141;318;160
12/12/2022;11:14:32.762;132;-139;318;160
12/12/2022;11:14:32.824;138;-137;318;160
12/12/2022;11:14:32.871;143;-135;318;160
12/12/2022;11:14:32.918;149;-133;318;160
12/12/2022;11:14:33.012;156;-131;0;94
12/12/2022;11:14:33.074;156;-131;0;94
12/12/2022;11:14:33.121;156;-131;0;94
12/12/2022;11:14:33.168;156;-131;0;94
12/12/2022;11:14:33.262;156;-131;0;94
12/12/2022;11:14:33.309;156;-131;0;93
12/12/2022;11:14:33.356;156;-131;0;93
12/12/2022;11:14:33.449;156;-131;0;93
12/12/2022;11:14:33.496;156;-131;0;93
12/12/2022;11:14:33.543;156;-131;0;93
12/12/2022;11:14:33.637;156;-130;94;137
12/12/2022;11:14:33.684;156;-128;94;137
12/12/2022;11:14:33.746;156;-124;94;137
12/12/2022;11:14:33.809;156;-122;94;137
12/12/2022;11:14:33.903;156;-119;0;81
12/12/2022;11:14:33.965;156;-119;0;81
12/12/2022;11:14:34.012;156;-119;0;81
12/12/2022;11:14:34.059;156;-119;0;81
12/12/2022;11:14:34.121;156;-119;0;81
12/12/2022;11:14:34.200;156;-118;-72;370
12/12/2022;11:14:34.262;156;-115;-72;370
12/12/2022;11:14:34.325;156;-111;-72;370
12/12/2022;11:14:34.371;156;-108;-72;370
12/12/2022;11:14:34.434;156;-104;-72;370
12/12/2022;11:14:34.481;156;-100;-197;370
12/12/2022;11:14:34.590;150;-97;-197;45
12/12/2022;11:14:34.637;147;-97;-197;45
12/12/2022;11:14:34.684;144;-97;-197;45
12/12/2022;11:14:34.746;141;-97;-197;45
12/12/2022;11:14:34.793;135;-97;-353;45
12/12/2022;11:14:34.903;127;-97;-353;108
12/12/2022;11:14:34.965;123;-97;-353;108
12/12/2022;11:14:35.012;119;-97;-353;108
12/12/2022;11:14:35.075;115;-97;-353;108
12/12/2022;11:14:35.121;112;-97;-317;108
12/12/2022;11:14:35.184;107;-93;-317;356
12/12/2022;11:14:35.246;98;-84;-317;356
12/12/2022;11:14:35.309;93;-79;-317;356
12/12/2022;11:14:35.371;88;-74;-317;356
12/12/2022;11:14:35.465;80;-67;-248;164
12/12/2022;11:14:35.528;76;-65;-248;164
12/12/2022;11:14:35.575;71;-63;-248;164
12/12/2022;11:14:35.637;66;-60;-248;164
12/12/2022;11:14:35.684;62;-58;-248;164
12/12/2022;11:14:35.746;53;-53;-293;264
12/12/2022;11:14:35.809;50;-50;-293;264
12/12/2022;11:14:35.871;46;-46;-293;264
12/12/2022;11:14:35.934;43;-43;-293;264
12/12/2022;11:14:35.996;39;-39;-293;264
12/12/2022;11:14:36.059;33;-31;-232;246
12/12/2022;11:14:36.153;26;-24;-232;246
12/12/2022;11:14:36.215;23;-20;-232;246
12/12/2022;11:14:36.262;20;-16;-232;246
12/12/2022;11:14:36.325;17;-13;-204;246
12/12/2022;11:14:36.387;13;-9;-204;286
12/12/2022;11:14:36.450;7;-2;-204;286
12/12/2022;11:14:36.512;3;1;-204;286
12/12/2022;11:14:36.559;0;4;-204;286
12/12/2022;11:14:36.622;-2;8;-240;286
12/12/2022;11:14:36.684;-6;11;-240;330
12/12/2022;11:14:36.747;-9;14;-240;330
12/12/2022;11:14:36.840;-19;25;-240;330
12/12/2022;11:14:36.903;-23;28;-240;330
12/12/2022;11:14:36.965;-26;32;-207;330
12/12/2022;11:14:37.028;-29;35;-207;368
12/12/2022;11:14:37.075;-33;39;-207;368
12/12/2022;11:14:37.137;-36;42;-207;368
12/12/2022;11:14:37.184;-39;46;-207;368
12/12/2022;11:14:37.247;-45;53;-186;368
12/12/2022;11:14:37.309;-48;58;-186;276
12/12/2022;11:14:37.372;-51;63;-186;276
12/12/2022;11:14:37.465;-56;72;-186;276
12/12/2022;11:14:37.528;-59;76;-186;276
12/12/2022;11:14:37.575;-60;81;-104;276
12/12/2022;11:14:37.637;-60;83;-104;103
12/12/2022;11:14:37.684;-60;83;-104;103
12/12/2022;11:14:37.747;-60;83;-104;103
12/12/2022;11:14:37.825;-60;83;-104;103
12/12/2022;11:14:37.887;-61;83;-203;103
12/12/2022;11:14:37.950;-68;88;-203;206
12/12/2022;11:14:37.997;-71;91;-203;206
12/12/2022;11:14:38.059;-74;94;-203;206
12/12/2022;11:14:38.106;-77;98;-203;206
12/12/2022;11:14:38.215;-84;103;-284;-121
12/12/2022;11:14:38.278;-88;101;-284;-121
12/12/2022;11:14:38.341;-91;99;-284;-121
12/12/2022;11:14:38.387;-95;98;-284;-121
12/12/2022;11:14:38.450;-102;94;-255;0
12/12/2022;11:14:38.512;-106;94;-255;63
12/12/2022;11:14:38.575;-110;94;-255;63
12/12/2022;11:14:38.637;-113;94;-255;63
12/12/2022;11:14:38.684;-117;94;-255;63
12/12/2022;11:14:38.747;-121;94;-255;63
12/12/2022;11:14:38.809;-125;94;0;-52
12/12/2022;11:14:38.872;-125;94;0;-52
12/12/2022;11:14:38.965;-125;94;0;-52
12/12/2022;11:14:39.028;-125;94;0;-52
12/12/2022;11:14:39.090;-125;94;0;-52
12/12/2022;11:14:39.153;-125;94;0;0
12/12/2022;11:14:39.215;-125;94;0;0
12/12/2022;11:14:39.278;-125;94;0;0
12/12/2022;11:14:39.340;-125;94;0;0
12/12/2022;11:14:39.403;-125;94;0;0
12/12/2022;11:14:39.465;-125;94;0;-47
12/12/2022;11:14:39.512;-125;94;0;-47
12/12/2022;11:14:39.575;-125;94;0;-47
12/12/2022;11:14:39.637;-125;94;0;-47
12/12/2022;11:14:39.684;-125;94;0;-47
12/12/2022;11:14:39.731;-125;94;0;-47
12/12/2022;11:14:39.841;-125;94;0;-67
12/12/2022;11:14:39.887;-123;94;241;-67
12/12/2022;11:14:39.950;-116;94;241;-67
12/12/2022;11:14:40.012;-112;94;241;-67
12/12/2022;11:14:40.075;-108;94;241;-47
12/12/2022;11:14:40.122;-105;94;241;-47
12/12/2022;11:14:40.184;-101;94;595;-47
12/12/2022;11:14:40.247;-97;94;595;-47
12/12/2022;11:14:40.309;-90;94;595;-47
12/12/2022;11:14:40.403;-83;94;595;-30
12/12/2022;11:14:40.450;-79;94;753;-30
12/12/2022;11:14:40.513;-75;94;753;-30
12/12/2022;11:14:40.560;-72;94;753;-30
12/12/2022;11:14:40.622;-68;94;753;-30
12/12/2022;11:14:40.685;-64;94;753;0
12/12/2022;11:14:40.731;-61;94;753;0
12/12/2022;11:14:40.809;-54;94;772;0
12/12/2022;11:14:40.903;-46;94;772;0
12/12/2022;11:14:40.950;-43;94;772;27
12/12/2022;11:14:41.012;-39;94;772;27
12/12/2022;11:14:41.075;-35;94;804;27
12/12/2022;11:14:41.137;-32;94;804;27
12/12/2022;11:14:41.184;-28;94;804;27
12/12/2022;11:14:41.247;-21;94;804;27
12/12/2022;11:14:41.309;-17;94;804;-30
12/12/2022;11:14:41.372;-13;94;804;-30
12/12/2022;11:14:41.434;-15;94;880;-30
12/12/2022;11:14:41.497;-19;94;880;-30
12/12/2022;11:14:41.559;-26;94;880;-30
12/12/2022;11:14:41.622;-30;94;880;-36
12/12/2022;11:14:41.684;-33;94;880;-36
12/12/2022;11:14:41.778;-28;94;1393;-36
12/12/2022;11:14:41.841;-24;94;1393;-36
12/12/2022;11:14:41.903;-17;94;1393;45
12/12/2022;11:14:41.966;-14;94;1393;45
12/12/2022;11:14:42.013;-10;94;313;45
12/12/2022;11:14:42.075;-6;94;313;45
12/12/2022;11:14:42.138;-3;94;313;45
12/12/2022;11:14:42.200;4;95;313;118
12/12/2022;11:14:42.263;8;97;313;118
12/12/2022;11:14:42.325;11;98;295;118
12/12/2022;11:14:42.388;15;100;295;118
12/12/2022;11:14:42.450;23;103;295;118
12/12/2022;11:14:42.513;26;104;295;51
12/12/2022;11:14:42.575;30;104;295;51
12/12/2022;11:14:42.638;34;104;403;51
12/12/2022;11:14:42.685;37;104;403;51
12/12/2022;11:14:42.747;45;104;403;51
12/12/2022;11:14:42.810;48;104;403;111
12/12/2022;11:14:42.872;52;105;403;111
12/12/2022;11:14:42.935;56;107;237;111
12/12/2022;11:14:42.997;61;108;237;111
12/12/2022;11:14:43.091;73;112;237;48
12/12/2022;11:14:43.169;76;112;237;48
12/12/2022;11:14:43.216;80;112;468;48
12/12/2022;11:14:43.278;83;112;468;48
12/12/2022;11:14:43.341;87;112;468;48
12/12/2022;11:14:43.403;94;112;468;48
12/12/2022;11:14:43.466;98;112;468;89
12/12/2022;11:14:43.528;101;112;468;89
12/12/2022;11:14:43.591;105;112;361;89
12/12/2022;11:14:43.653;112;112;361;89
12/12/2022;11:14:43.716;116;112;361;89
12/12/2022;11:14:43.778;120;112;361;51
12/12/2022;11:14:43.856;127;112;410;51
12/12/2022;11:14:43.981;134;112;410;51
12/12/2022;11:14:44.091;142;112;410;0
12/12/2022;11:14:44.169;147;112;0;0
12/12/2022;11:14:44.278;147;112;0;0
12/12/2022;11:14:44.341;147;112;0;0
12/12/2022;11:14:44.403;147;112;-56;-32
12/12/2022;11:14:44.466;147;112;-56;-32
12/12/2022;11:14:44.528;147;112;-56;-32
12/12/2022;11:14:44.591;147;112;-56;-32
